{
    "name": "root",
    "metadata": {
        "timer_format_version": "0.1.0",
        "start_time_seconds": "1676370845",
        "python_version": "3.9.13 (tags/v3.9.13:6de2ca5, May 17 2022, 16:36:42) [MSC v.1929 64 bit (AMD64)]",
        "command_line_arguments": "C:\\Python39\\Scripts\\mlagents-learn Config\\Minesweeper_Pick_Move.yaml --run-id=ScoreTest --force",
        "mlagents_version": "0.30.0",
        "mlagents_envs_version": "0.30.0",
        "communication_protocol_version": "1.5.0",
        "pytorch_version": "1.7.1+cu110",
        "numpy_version": "1.21.2",
        "end_time_seconds": "1676370929"
    },
    "total": 83.609666,
    "count": 1,
    "self": 0.011031100000010952,
    "children": {
        "run_training.setup": {
            "total": 0.12549279999999996,
            "count": 1,
            "self": 0.12549279999999996
        },
        "TrainerController.start_learning": {
            "total": 83.47314209999999,
            "count": 1,
            "self": 0.02881859999999392,
            "children": {
                "TrainerController._reset_env": {
                    "total": 9.0125198,
                    "count": 1,
                    "self": 9.0125198
                },
                "TrainerController.advance": {
                    "total": 74.30629719999999,
                    "count": 1442,
                    "self": 0.021822300000053474,
                    "children": {
                        "env_step": {
                            "total": 72.33813679999997,
                            "count": 1442,
                            "self": 68.7413656999999,
                            "children": {
                                "SubprocessEnvManager._take_step": {
                                    "total": 3.5814741000000136,
                                    "count": 1442,
                                    "self": 0.053784700000033325,
                                    "children": {
                                        "TorchPolicy.evaluate": {
                                            "total": 3.5276893999999803,
                                            "count": 872,
                                            "self": 3.5276893999999803
                                        }
                                    }
                                },
                                "workers": {
                                    "total": 0.015297000000055405,
                                    "count": 1441,
                                    "self": 0.0,
                                    "children": {
                                        "worker_root": {
                                            "total": 13.00683499999999,
                                            "count": 1441,
                                            "is_parallel": true,
                                            "self": 8.115170999999966,
                                            "children": {
                                                "steps_from_proto": {
                                                    "total": 0.00036120000000039454,
                                                    "count": 1,
                                                    "is_parallel": true,
                                                    "self": 0.00018940000000000623,
                                                    "children": {
                                                        "_process_rank_one_or_two_observation": {
                                                            "total": 0.0001718000000003883,
                                                            "count": 2,
                                                            "is_parallel": true,
                                                            "self": 0.0001718000000003883
                                                        }
                                                    }
                                                },
                                                "UnityEnvironment.step": {
                                                    "total": 4.891302800000023,
                                                    "count": 1441,
                                                    "is_parallel": true,
                                                    "self": 0.11130160000007905,
                                                    "children": {
                                                        "UnityEnvironment._generate_step_input": {
                                                            "total": 0.09393220000002955,
                                                            "count": 1441,
                                                            "is_parallel": true,
                                                            "self": 0.09393220000002955
                                                        },
                                                        "communicator.exchange": {
                                                            "total": 4.380927499999975,
                                                            "count": 1441,
                                                            "is_parallel": true,
                                                            "self": 4.380927499999975
                                                        },
                                                        "steps_from_proto": {
                                                            "total": 0.3051414999999391,
                                                            "count": 1441,
                                                            "is_parallel": true,
                                                            "self": 0.17206780000000776,
                                                            "children": {
                                                                "_process_rank_one_or_two_observation": {
                                                                    "total": 0.13307369999993135,
                                                                    "count": 2882,
                                                                    "is_parallel": true,
                                                                    "self": 0.13307369999993135
                                                                }
                                                            }
                                                        }
                                                    }
                                                }
                                            }
                                        }
                                    }
                                }
                            }
                        },
                        "trainer_advance": {
                            "total": 1.9463380999999664,
                            "count": 1441,
                            "self": 0.0264763999999591,
                            "children": {
                                "process_trajectory": {
                                    "total": 1.9198617000000073,
                                    "count": 1441,
                                    "self": 1.9198617000000073
                                }
                            }
                        }
                    }
                },
                "TrainerController._save_models": {
                    "total": 0.1255065000000002,
                    "count": 1,
                    "self": 0.005026799999996001,
                    "children": {
                        "RLTrainer._checkpoint": {
                            "total": 0.12047970000000419,
                            "count": 1,