{
    "name": "root",
    "gauges": {
        "Minesweeper_Pick_Move.Policy.Entropy.mean": {
            "value": 4.435854911804199,
            "min": 4.435854911804199,
            "max": 4.966135501861572,
            "count": 120
        },
        "Minesweeper_Pick_Move.Policy.Entropy.sum": {
            "value": 52857.6484375,
            "min": 46202.58203125,
            "max": 60127.3046875,
            "count": 120
        },
        "Minesweeper_Pick_Move.Environment.EpisodeLength.mean": {
            "value": 15.138627187079408,
            "min": 13.21301775147929,
            "max": 16.32034632034632,
            "count": 120
        },
        "Minesweeper_Pick_Move.Environment.EpisodeLength.sum": {
            "value": 11248.0,
            "min": 8660.0,
            "max": 11338.0,
            "count": 120
        },
        "Minesweeper_Pick_Move.Step.mean": {
            "value": 2495999.0,
            "min": 1067963.0,
            "max": 2495999.0,
            "count": 120
        },
        "Minesweeper_Pick_Move.Step.sum": {
            "value": 2495999.0,
            "min": 1067963.0,
            "max": 2495999.0,
            "count": 120
        },
        "Minesweeper_Pick_Move.Policy.ExtrinsicValueEstimate.mean": {
            "value": 36.09822463989258,
            "min": 15.6978759765625,
            "max": 52.35466003417969,
            "count": 120
        },
        "Minesweeper_Pick_Move.Policy.ExtrinsicValueEstimate.sum": {
            "value": 26820.98046875,
            "min": 9293.142578125,
            "max": 41046.0546875,
            "count": 120
        },
        "Minesweeper_Pick_Move.Environment.CumulativeReward.mean": {
            "value": 175.416475647712,
            "min": 167.54448299934296,
            "max": 214.1742900126689,
            "count": 120
        },
        "Minesweeper_Pick_Move.Environment.CumulativeReward.sum": {
            "value": 130334.44140625,
            "min": 121829.39453125,
            "max": 143729.765625,
            "count": 120
        },
        "Minesweeper_Pick_Move.Policy.ExtrinsicReward.mean": {
            "value": 175.416475647712,
            "min": 167.54448299934296,
            "max": 214.1742900126689,
            "count": 120
        },
        "Minesweeper_Pick_Move.Policy.ExtrinsicReward.sum": {
            "value": 130334.44140625,
            "min": 121829.39453125,
            "max": 143729.765625,
            "count": 120
        },
        "Minesweeper_Pick_Move.IsTraining.mean": {
            "value": 1.0,
            "min": 1.0,
            "max": 1.0,
            "count": 120
        },
        "Minesweeper_Pick_Move.IsTraining.sum": {
            "value": 1.0,
            "min": 1.0,
            "max": 1.0,
            "count": 120
        },
        "Minesweeper_Pick_Move.Losses.PolicyLoss.mean": {
            "value": 0.10037511632214972,
            "min": 0.08897415369353963,
            "max": 0.10655810499361279,
            "count": 119
        },
        "Minesweeper_Pick_Move.Losses.PolicyLoss.sum": {
            "value": 0.10037511632214972,
            "min": 0.08897415369353963,
            "max": 0.10655810499361279,
            "count": 119
        },
        "Minesweeper_Pick_Move.Losses.ValueLoss.mean": {
            "value": 1241.198517444087,
            "min": 1081.9104377624185,
            "max": 1424.3879185096891,
            "count": 119
        },
        "Minesweeper_Pick_Move.Losses.ValueLoss.sum": {
            "value": 1241.198517444087,
            "min": 1081.9104377624185,
            "max": 1424.3879185096891,
            "count": 119
        },
        "Minesweeper_Pick_Move.Policy.LearningRate.mean": {
            "value": 0.00015067576977476,
            "min": 0.00015067576977476,
            "max": 0.00023575370141544006,
            "count": 119
        },
        "Minesweeper_Pick_Move.Policy.LearningRate.sum": {
            "value": 0.00015067576977476,
            "min": 0.00015067576977476,
            "max": 0.00023575370141544006,
            "count": 119
        },
        "Minesweeper_Pick_Move.Policy.Epsilon.mean": {
            "value": 0.15022523999999998,
            "min": 0.15022523999999998,
            "max": 0.17858456,
            "count": 119
        },
        "Minesweeper_Pick_Move.Policy.Epsilon.sum": {
            "value": 0.15022523999999998,
            "min": 0.15022523999999998,
            "max": 0.17858456,
            "count": 119
        },
        "Minesweeper_Pick_Move.Policy.Beta.mean": {
            "value": 0.002516239476,
            "min": 0.002516239476,
            "max": 0.003931369544000001,
            "count": 119
        },
        "Minesweeper_Pick_Move.Policy.Beta.sum": {
            "value": 0.002516239476,
            "min": 0.002516239476,
            "max": 0.003931369544000001,
            "count": 119
        }
    },
    "metadata": {
        "timer_format_version": "0.1.0",
        "start_time_seconds": "1676239803",
        "python_version": "3.9.13 (tags/v3.9.13:6de2ca5, May 17 2022, 16:36:42) [MSC v.1929 64 bit (AMD64)]",
        "command_line_arguments": "C:\\Unity Projects\\Minesweeper 1.0\\venv\\Scripts\\mlagents-learn Config/Minesweeper_Pick_Move.yaml --run-id=TestParamMinesweeperScoreUpdate1 --resume",
        "mlagents_version": "0.30.0",
        "mlagents_envs_version": "0.30.0",
        "communication_protocol_version": "1.5.0",
        "pytorch_version": "1.7.1+cu110",
        "numpy_version": "1.21.2",
        "end_time_seconds": "1676244767"
    },
    "total": 4963.8248592,
    "count": 1,
    "self": 0.008236399999987043,
    "children": {
        "run_training.setup": {
            "total": 0.12578109999999998,
            "count": 1,
            "self": 0.12578109999999998
        },
        "TrainerController.start_learning": {
            "total": 4963.6908417,
            "count": 1,
            "self": 5.745688099866129,
            "children": {
                "TrainerController._reset_env": {
                    "total": 8.6802576,
                    "count": 1,
                    "self": 8.6802576
                },
                "TrainerController.advance": {
                    "total": 4949.194535100134,
                    "count": 318272,
                    "self": 4.83937100032017,
                    "children": {
                        "env_step": {
                            "total": 3580.041342799919,
                            "count": 318272,
                            "self": 2687.593698900297,
                            "children": {
                                "SubprocessEnvManager._take_step": {
                                    "total": 888.713751699829,
                                    "count": 318273,
                                    "self": 13.099574899917116,
                                    "children": {
                                        "TorchPolicy.evaluate": {
                                            "total": 875.6141767999119,
                                            "count": 240648,
                                            "self": 875.6141767999119
                                        }
                                    }
                                },
                                "workers": {
                                    "total": 3.7338921997931678,
                                    "count": 318271,
                                    "self": 0.0,
                                    "children": {
                                        "worker_root": {
                                            "total": 4874.203652199921,
                                            "count": 318271,
                                            "is_parallel": true,
                                            "self": 2575.5408098999355,