{
    "name": "root",
    "gauges": {
        "Minesweeper_Pick_Move.Policy.Entropy.mean": {
            "value": 1.4089312553405762,
            "min": 1.1737275123596191,
            "max": 1.5111606121063232,
            "count": 10
        },
        "Minesweeper_Pick_Move.Policy.Entropy.sum": {
            "value": 70393.0234375,
            "min": 58627.6875,
            "max": 75564.078125,
            "count": 10
        },
        "Minesweeper_Pick_Move.Environment.EpisodeLength.mean": {
            "value": 6.326737027264731,
            "min": 5.823505323505324,
            "max": 176.97058823529412,
            "count": 10
        },
        "Minesweeper_Pick_Move.Environment.EpisodeLength.sum": {
            "value": 43161.0,
            "min": 18051.0,
            "max": 80478.0,
            "count": 10
        },
        "Minesweeper_Pick_Move.Step.mean": {
            "value": 499999.0,
            "min": 49961.0,
            "max": 499999.0,
            "count": 10
        },
        "Minesweeper_Pick_Move.Step.sum": {
            "value": 499999.0,
            "min": 49961.0,
            "max": 499999.0,
            "count": 10
        },
        "Minesweeper_Pick_Move.Policy.ExtrinsicValueEstimate.mean": {
            "value": 61.6378173828125,
            "min": -48.41443634033203,
            "max": 62.4871826171875,
            "count": 10
        },
        "Minesweeper_Pick_Move.Policy.ExtrinsicValueEstimate.sum": {
            "value": 423143.625,
            "min": -53819.21875,
            "max": 458780.90625,
            "count": 10
        },
        "Minesweeper_Pick_Move.Environment.CumulativeReward.mean": {
            "value": 70.35568573208266,
            "min": -154.47457107843138,
            "max": 70.91110002047502,
            "count": 10
        },
        "Minesweeper_Pick_Move.Environment.CumulativeReward.sum": {
            "value": 480036.84375,
            "min": -62305.40625,
            "max": 519494.71875,
            "count": 10
        },
        "Minesweeper_Pick_Move.Policy.ExtrinsicReward.mean": {
            "value": 70.35568573208266,
            "min": -154.47457107843138,
            "max": 70.91110002047502,
            "count": 10
        },
        "Minesweeper_Pick_Move.Policy.ExtrinsicReward.sum": {
            "value": 480036.84375,
            "min": -62305.40625,
            "max": 519494.71875,
            "count": 10
        },
        "Minesweeper_Pick_Move.Losses.PolicyLoss.mean": {
            "value": 0.022618050958650805,
            "min": 0.022618050958650805,
            "max": 0.026451657234380643,
            "count": 10
        },
        "Minesweeper_Pick_Move.Losses.PolicyLoss.sum": {
            "value": 0.11309025479325403,
            "min": 0.10067952829413115,
            "max": 0.13225828617190322,
            "count": 10
        },
        "Minesweeper_Pick_Move.Losses.ValueLoss.mean": {
            "value": 599.1543318684895,
            "min": 58.74752816359203,
            "max": 777.1484248860677,
            "count": 10
        },
        "Minesweeper_Pick_Move.Losses.ValueLoss.sum": {
            "value": 2995.7716593424475,
            "min": 234.99011265436812,
            "max": 3885.7421244303387,
            "count": 10
        },
        "Minesweeper_Pick_Move.Policy.LearningRate.mean": {
            "value": 1.6773094409e-05,
            "min": 1.6773094409e-05,
            "max": 0.0002845527051491,
            "count": 10
        },
        "Minesweeper_Pick_Move.Policy.LearningRate.sum": {
            "value": 8.3865472045e-05,
            "min": 8.3865472045e-05,
            "max": 0.0012841176719607997,
            "count": 10
        },
        "Minesweeper_Pick_Move.Policy.Epsilon.mean": {
            "value": 0.10559100000000003,
            "min": 0.10559100000000003,
            "max": 0.19485090000000002,
            "count": 10
        },
        "Minesweeper_Pick_Move.Policy.Epsilon.sum": {
            "value": 0.5279550000000002,
            "min": 0.5002944,
            "max": 0.9280392000000002,
            "count": 10
        },
        "Minesweeper_Pick_Move.Policy.Beta.mean": {
            "value": 0.0002889909,
            "min": 0.0002889909,
            "max": 0.004743059910000001,
            "count": 10
        },
        "Minesweeper_Pick_Move.Policy.Beta.sum": {
            "value": 0.0014449545,
            "min": 0.0014449545,
            "max": 0.02140915608,
            "count": 10
        },
        "Minesweeper_Pick_Move.IsTraining.mean": {
            "value": 1.0,
            "min": 1.0,
            "max": 1.0,
            "count": 10
        },
        "Minesweeper_Pick_Move.IsTraining.sum": {
            "value": 1.0,
            "min": 1.0,
            "max": 1.0,
            "count": 10
        }
    },
    "metadata": {
        "timer_format_version": "0.1.0",
        "start_time_seconds": "1676295529",
        "python_version": "3.9.13 (tags/v3.9.13:6de2ca5, May 17 2022, 16:36:42) [MSC v.1929 64 bit (AMD64)]",
        "command_line_arguments": "C:\\Users\\david\\UnityProjects\\FinalITUProject\\MinesweeperML\\venv\\Scripts\\mlagents-learn --run-id=TestOnFour1 --force",
        "mlagents_version": "0.30.0",
        "mlagents_envs_version": "0.30.0",
        "communication_protocol_version": "1.5.0",
        "pytorch_version": "1.7.1+cu110",
        "numpy_version": "1.21.2",
        "end_time_seconds": "1676296447"
    },
    "total": 917.5255106,
    "count": 1,
    "self": 0.005493499999943197,
    "children": {
        "run_training.setup": {
            "total": 0.07774789999999987,
            "count": 1,
            "self": 0.07774789999999987
        },
        "TrainerController.start_learning": {
            "total": 917.4422692,
            "count": 1,
            "self": 2.2495535999926233,
            "children": {
                "TrainerController._reset_env": {
                    "total": 7.437687,
                    "count": 1,
                    "self": 7.437687
                },
                "TrainerController.advance": {
                    "total": 907.7029052000073,
                    "count": 118148,
                    "self": 1.9661550000428178,
                    "children": {
                        "env_step": {
                            "total": 691.047597399983,
                            "count": 118148,
                            "self": 368.49601249995095,
                            "children": {
                                "SubprocessEnvManager._take_step": {
                                    "total": 321.2688258000249,
                                    "count": 118148,
                                    "self": 4.579025100031345,
                                    "children": {
                                        "TorchPolicy.evaluate": {
                                            "total": 316.68980069999355,
                                            "count": 83347,
                                            "self": 316.68980069999355
                                        }
                                    }
                                },
                                "workers": {
                                    "total": 1.2827591000071656,
                                    "count": 118148,
                                    "self": 0.0,
                                    "children": {
                                        "worker_root": {
                                            "total": 908.5169011999969,
                                            "count": 118148,
                                            "is_parallel": true,
                                            "self": 635.0555254000008,
                                            "children": {
                                                "steps_from_proto": {
                                                    "total": 0.0003732000000002955,