{
    "name": "root",
    "gauges": {
        "Minesweeper_Pick_Move.Policy.Entropy.mean": {
            "value": 2.4564120769500732,
            "min": 2.3301053047180176,
            "max": 2.4618284702301025,
            "count": 39
        },
        "Minesweeper_Pick_Move.Policy.Entropy.sum": {
            "value": 29742.23828125,
            "min": 11480.22265625,
            "max": 29742.23828125,
            "count": 39
        },
        "Minesweeper_Pick_Move.Environment.EpisodeLength.mean": {
            "value": 8.453186467348544,
            "min": 8.16984006092917,
            "max": 10.084949215143121,
            "count": 39
        },
        "Minesweeper_Pick_Move.Environment.EpisodeLength.sum": {
            "value": 10744.0,
            "min": 4254.0,
            "max": 10922.0,
            "count": 39
        },
        "Minesweeper_Pick_Move.Step.mean": {
            "value": 2399983.0,
            "min": 1943996.0,
            "max": 2399983.0,
            "count": 39
        },
        "Minesweeper_Pick_Move.Step.sum": {
            "value": 2399983.0,
            "min": 1943996.0,
            "max": 2399983.0,
            "count": 39
        },
        "Minesweeper_Pick_Move.Policy.ExtrinsicValueEstimate.mean": {
            "value": -11.15722370147705,
            "min": -14.916838645935059,
            "max": -8.367498397827148,
            "count": 39
        },
        "Minesweeper_Pick_Move.Policy.ExtrinsicValueEstimate.sum": {
            "value": -14180.8310546875,
            "min": -16632.275390625,
            "max": -5659.3759765625,
            "count": 39
        },
        "Minesweeper_Pick_Move.Environment.CumulativeReward.mean": {
            "value": 12.372215529110937,
            "min": 10.39979370415648,
            "max": 15.333316984304933,
            "count": 39
        },
        "Minesweeper_Pick_Move.Environment.CumulativeReward.sum": {
            "value": 15725.0859375,
            "min": 5352.0859375,
            "max": 18067.6015625,
            "count": 39
        },
        "Minesweeper_Pick_Move.Policy.ExtrinsicReward.mean": {
            "value": 12.372215529110937,
            "min": 10.39979370415648,
            "max": 15.333316984304933,
            "count": 39
        },
        "Minesweeper_Pick_Move.Policy.ExtrinsicReward.sum": {
            "value": 15725.0859375,
            "min": 5352.0859375,
            "max": 18067.6015625,
            "count": 39
        },
        "Minesweeper_Pick_Move.IsTraining.mean": {
            "value": 1.0,
            "min": 1.0,
            "max": 1.0,
            "count": 39
        },
        "Minesweeper_Pick_Move.IsTraining.sum": {
            "value": 1.0,
            "min": 1.0,
            "max": 1.0,
            "count": 39
        },
        "Minesweeper_Pick_Move.Losses.PolicyLoss.mean": {
            "value": 0.09436988239077494,
            "min": 0.09066885301043112,
            "max": 0.10789540747542485,
            "count": 38
        },
        "Minesweeper_Pick_Move.Losses.PolicyLoss.sum": {
            "value": 0.09436988239077494,
            "min": 0.09066885301043112,
            "max": 0.10789540747542485,
            "count": 38
        },
        "Minesweeper_Pick_Move.Losses.ValueLoss.mean": {
            "value": 807.8940378824869,
            "min": 771.5143535430418,
            "max": 920.1006175430488,
            "count": 38
        },
        "Minesweeper_Pick_Move.Losses.ValueLoss.sum": {
            "value": 807.8940378824869,
            "min": 771.5143535430418,
            "max": 920.1006175430488,
            "count": 38
        },
        "Minesweeper_Pick_Move.Policy.LearningRate.mean": {
            "value": 0.00015623968792012,
            "min": 0.00015623968792012,
            "max": 0.00018291957902682004,
            "count": 38
        },
        "Minesweeper_Pick_Move.Policy.LearningRate.sum": {
            "value": 0.00015623968792012,
            "min": 0.00015623968792012,
            "max": 0.00018291957902682004,
            "count": 38
        },
        "Minesweeper_Pick_Move.Policy.Epsilon.mean": {
            "value": 0.15207988000000003,
            "min": 0.15207988000000003,
            "max": 0.16097318000000002,
            "count": 38
        },
        "Minesweeper_Pick_Move.Policy.Epsilon.sum": {
            "value": 0.15207988000000003,
            "min": 0.15207988000000003,
            "max": 0.16097318000000002,
            "count": 38
        },
        "Minesweeper_Pick_Move.Policy.Beta.mean": {
            "value": 0.0026087860120000005,
            "min": 0.0026087860120000005,
            "max": 0.0030525616820000004,
            "count": 38
        },
        "Minesweeper_Pick_Move.Policy.Beta.sum": {
            "value": 0.0026087860120000005,
            "min": 0.0026087860120000005,
            "max": 0.0030525616820000004,
            "count": 38
        }
    },
    "metadata": {
        "timer_format_version": "0.1.0",
        "start_time_seconds": "1676385646",
        "python_version": "3.9.13 (tags/v3.9.13:6de2ca5, May 17 2022, 16:36:42) [MSC v.1929 64 bit (AMD64)]",
        "command_line_arguments": "C:\\Python39\\Scripts\\mlagents-learn Config\\Minesweeper_Pick_Move.yaml --run-id=8x8x6WithRandomParam --resume",
        "mlagents_version": "0.30.0",
        "mlagents_envs_version": "0.30.0",
        "communication_protocol_version": "1.5.0",
        "pytorch_version": "1.7.1+cu110",
        "numpy_version": "1.21.2",
        "end_time_seconds": "1676387522"
    },
    "total": 1875.096276,
    "count": 1,
    "self": 0.008712099999911516,
    "children": {
        "run_training.setup": {
            "total": 0.1157309999999998,
            "count": 1,
            "self": 0.1157309999999998
        },
        "TrainerController.start_learning": {
            "total": 1874.9718329,
            "count": 1,
            "self": 2.112847700002476,
            "children": {
                "TrainerController._reset_env": {
                    "total": 9.101087,
                    "count": 1,
                    "self": 9.101087
                },
                "TrainerController.advance": {
                    "total": 1863.6884970999974,
                    "count": 113498,
                    "self": 1.8595819999904961,
                    "children": {
                        "env_step": {
                            "total": 1381.38472350001,
                            "count": 113498,
                            "self": 1099.4154505000115,
                            "children": {
                                "SubprocessEnvManager._take_step": {
                                    "total": 280.6831817000076,
                                    "count": 113498,
                                    "self": 4.679575200006525,
                                    "children": {
                                        "TorchPolicy.evaluate": {
                                            "total": 276.00360650000107,
                                            "count": 77477,
                                            "self": 276.00360650000107
                                        }
                                    }
                                },
                                "workers": {
                                    "total": 1.2860912999910408,
                                    "count": 113497,
                                    "self": 0.0,
                                    "children": {
                                        "worker_root": {
                                            "total": 1801.561577600002,
                                            "count": 113497,
                                            "is_parallel": true,
                                            "self": 873.2006393999703,