{"count":1,"self":1437.8665984,"total":5474.275254,"children":{"InitializeActuators":{"count":15,"self":0.0020238,"total":0.0020238,"children":null},"InitializeSensors":{"count":15,"self":0.0010012,"total":0.0010012,"children":null},"AgentSendState":{"count":1087817,"self":4.5972871999999994,"total":23.2186994,"children":{"CollectObservations":{"count":1631730,"self":3.3343966,"total":3.3343966,"children":null},"WriteActionMask":{"count":1631730,"self":1.0017879,"total":1.0017879,"children":null},"RequestDecision":{"count":1631730,"self":3.4765471999999997,"total":14.285227899999999,"children":{"AgentInfo.ToProto":{"count":1631730,"self":2.9898515999999997,"total":10.808680899999999,"children":{"GenerateSensorData":{"count":1631730,"self":7.8188296,"total":7.8188293999999994,"children":null}}}}}}},"DecideAction":{"count":1087817,"self":2165.020672,"total":2165.0206623999998,"children":null},"AgentAct":{"count":1087817,"self":1845.1591168,"total":1848.1662519,"children":{"AgentInfo.ToProto":{"count":182719,"self":1.2393556,"total":3.0071558,"children":{"GenerateSensorData":{"count":182719,"self":1.7678002,"total":1.7678002,"children":null}}}}}},"gauges":{"Minesweeper_Pick_Move.CumulativeReward":{"count":182719,"max":438.28125,"min":-541.7969,"runningAverage":71.46864,"value":196.484375,"weightedAverage":136.119278}},"metadata":{"timer_format_version":"0.1.0","start_time_seconds":"1677195668","unity_version":"2021.3.18f1","command_line_arguments":"C:\\Program Files\\Unity\\Hub\\Editor\\2021.3.18f1\\Editor\\Unity.exe -projectpath C:\\Unity Projects\\MinesweeperML\\MinesweeperML -useHub -hubIPC -cloudEnvironment production -licensingIpc LicenseClient-USYOkG8Sq721P47SNrlei -hubSessionId dee5f1f0-adde-11ed-b390-bf01a00f2535 -accessToken V5KzptaTVG6c8yg5mQ5zhjR07TgS0SPfQrd6v-YUqE4005f","communication_protocol_version":"1.5.0","com.unity.ml-agents_version":"2.0.1","scene_name":"BaseScene","end_time_seconds":"1677201142"}}