{"count":1,"self":338.089088,"total":1234.3067952,"children":{"InitializeActuators":{"count":6,"self":0.0020009999999999997,"total":0.0020009999999999997,"children":null},"InitializeSensors":{"count":6,"self":0.0010007,"total":0.0010007,"children":null},"AgentSendState":{"count":340051,"self":1.281795,"total":10.1025203,"children":{"CollectObservations":{"count":408066,"self":2.3015228,"total":2.3015228999999997,"children":null},"WriteActionMask":{"count":408066,"self":0.25323029999999996,"total":0.25323029999999996,"children":null},"RequestDecision":{"count":408066,"self":0.9040482,"total":6.2659721,"children":{"AgentInfo.ToProto":{"count":408066,"self":0.88638069999999991,"total":5.3619239,"children":{"GenerateSensorData":{"count":408066,"self":4.4755432,"total":4.4755432,"children":null}}}}}}},"DecideAction":{"count":340051,"self":854.56153599999993,"total":854.5615153,"children":null},"AgentAct":{"count":340051,"self":31.271414399999998,"total":31.5506714,"children":{"AgentInfo.ToProto":{"count":14530,"self":0.0763669,"total":0.27925659999999997,"children":{"GenerateSensorData":{"count":14530,"self":0.20288969999999998,"total":0.20288969999999998,"children":null}}}}}},"gauges":{"Minesweeper_Pick_Move.CumulativeReward":{"count":14530,"max":341.201172,"min":-1066.0918,"runningAverage":148.244934,"value":215.78125,"weightedAverage":174.3183}},"metadata":{"timer_format_version":"0.1.0","start_time_seconds":"1676282327","unity_version":"2021.3.18f1","command_line_arguments":"C:\\Program Files\\Unity\\Hub\\Editor\\2021.3.18f1\\Editor\\Unity.exe -projectpath C:\\Unity Projects\\Minesweeper 1.0 -useHub -hubIPC -cloudEnvironment production -licensingIpc LicenseClient-ogLU6mEKiYaZhUGK76_Ix -hubSessionId f33d0a70-a9fc-11ed-8b6c-7fa2315bc7c6 -accessToken CrnLLjY_HtfajPuoC75r41_2FbWEFzP9dqC4gJ1hHos005f","communication_protocol_version":"1.5.0","com.unity.ml-agents_version":"2.0.1","scene_name":"BaseScene","end_time_seconds":"1676283561"}}