{
    "name": "root",
    "gauges": {
        "Minesweeper_Pick_Move.Policy.Entropy.mean": {
            "value": 1.3149464130401611,
            "min": 1.2234892845153809,
            "max": 1.7966445684432983,
            "count": 417
        },
        "Minesweeper_Pick_Move.Policy.Entropy.sum": {
            "value": 15641.2880859375,
            "min": 6608.09375,
            "max": 21424.986328125,
            "count": 417
        },
        "Minesweeper_Pick_Move.Environment.EpisodeLength.mean": {
            "value": 7.709513435003631,
            "min": 7.329853862212944,
            "max": 9.938924339106654,
            "count": 417
        },
        "Minesweeper_Pick_Move.Environment.EpisodeLength.sum": {
            "value": 10616.0,
            "min": 3564.0,
            "max": 10971.0,
            "count": 417
        },
        "Minesweeper_Pick_Move.Step.mean": {
            "value": 9995996.0,
            "min": 5003996.0,
            "max": 9995996.0,
            "count": 417
        },
        "Minesweeper_Pick_Move.Step.sum": {
            "value": 9995996.0,
            "min": 5003996.0,
            "max": 9995996.0,
            "count": 417
        },
        "Minesweeper_Pick_Move.Policy.ExtrinsicValueEstimate.mean": {
            "value": -0.49281585216522217,
            "min": -8.61500358581543,
            "max": 4.37703275680542,
            "count": 417
        },
        "Minesweeper_Pick_Move.Policy.ExtrinsicValueEstimate.sum": {
            "value": -678.1146240234375,
            "min": -10630.9140625,
            "max": 5808.322265625,
            "count": 417
        },
        "Minesweeper_Pick_Move.Environment.CumulativeReward.mean": {
            "value": 25.65585823946221,
            "min": 15.265118517017829,
            "max": 27.760009587289993,
            "count": 417
        },
        "Minesweeper_Pick_Move.Environment.CumulativeReward.sum": {
            "value": 35302.4609375,
            "min": 7969.6171875,
            "max": 38003.453125,
            "count": 417
        },
        "Minesweeper_Pick_Move.Policy.ExtrinsicReward.mean": {
            "value": 25.65585823946221,
            "min": 15.265118517017829,
            "max": 27.760009587289993,
            "count": 417
        },
        "Minesweeper_Pick_Move.Policy.ExtrinsicReward.sum": {
            "value": 35302.4609375,
            "min": 7969.6171875,
            "max": 38003.453125,
            "count": 417
        },
        "Minesweeper_Pick_Move.IsTraining.mean": {
            "value": 1.0,
            "min": 1.0,
            "max": 1.0,
            "count": 417
        },
        "Minesweeper_Pick_Move.IsTraining.sum": {
            "value": 1.0,
            "min": 1.0,
            "max": 1.0,
            "count": 417
        },
        "Minesweeper_Pick_Move.Losses.PolicyLoss.mean": {
            "value": 0.09869786140555185,
            "min": 0.08982728516314438,
            "max": 0.10976437998208452,
            "count": 415
        },
        "Minesweeper_Pick_Move.Losses.PolicyLoss.sum": {
            "value": 0.09869786140555185,
            "min": 0.08982728516314438,
            "max": 0.10976437998208452,
            "count": 415
        },
        "Minesweeper_Pick_Move.Losses.ValueLoss.mean": {
            "value": 1342.957013069315,
            "min": 963.6478311525169,
            "max": 1674.807161762965,
            "count": 415
        },
        "Minesweeper_Pick_Move.Losses.ValueLoss.sum": {
            "value": 1342.957013069315,
            "min": 963.6478311525169,
            "max": 1674.807161762965,
            "count": 415
        },
        "Minesweeper_Pick_Move.Policy.LearningRate.mean": {
            "value": 3.566798811399952e-07,
            "min": 3.566798811399952e-07,
            "max": 0.0001496379501207,
            "count": 415
        },
        "Minesweeper_Pick_Move.Policy.LearningRate.sum": {
            "value": 3.566798811399952e-07,
            "min": 3.566798811399952e-07,
            "max": 0.0001496379501207,
            "count": 415
        },
        "Minesweeper_Pick_Move.Policy.Epsilon.mean": {
            "value": 0.10011886000000003,
            "min": 0.10011886000000003,
            "max": 0.14987930000000002,
            "count": 415
        },
        "Minesweeper_Pick_Move.Policy.Epsilon.sum": {
            "value": 0.10011886000000003,
            "min": 0.10011886000000003,
            "max": 0.14987930000000002,
            "count": 415
        },
        "Minesweeper_Pick_Move.Policy.Beta.mean": {
            "value": 1.593111399999992e-05,
            "min": 1.593111399999992e-05,
            "max": 0.00249897707,
            "count": 415
        },
        "Minesweeper_Pick_Move.Policy.Beta.sum": {
            "value": 1.593111399999992e-05,
            "min": 1.593111399999992e-05,
            "max": 0.00249897707,
            "count": 415
        }
    },
    "metadata": {
        "timer_format_version": "0.1.0",
        "start_time_seconds": "1676416577",
        "python_version": "3.9.13 (tags/v3.9.13:6de2ca5, May 17 2022, 16:36:42) [MSC v.1929 64 bit (AMD64)]",
        "command_line_arguments": "C:\\Python39\\Scripts\\mlagents-learn Config\\Minesweeper_Pick_Move.yaml --run-id=8x8x6With5D_320MaxS --resume",
        "mlagents_version": "0.30.0",
        "mlagents_envs_version": "0.30.0",
        "communication_protocol_version": "1.5.0",
        "pytorch_version": "1.7.1+cu110",
        "numpy_version": "1.21.2",
        "end_time_seconds": "1676443431"
    },
    "total": 26853.7910954,
    "count": 1,
    "self": 0.010552800002187723,
    "children": {
        "run_training.setup": {
            "total": 0.11638329999999986,
            "count": 1,
            "self": 0.11638329999999986
        },
        "TrainerController.start_learning": {
            "total": 26853.6641593,
            "count": 1,
            "self": 11.358403499543783,
            "children": {
                "TrainerController._reset_env": {
                    "total": 10.865482400000001,
                    "count": 1,
                    "self": 10.865482400000001
                },
                "TrainerController.advance": {
                    "total": 26831.367380300453,
                    "count": 605066,
                    "self": 9.524578799395385,
                    "children": {
                        "env_step": {
                            "total": 21558.22232240065,
                            "count": 605066,
                            "self": 20236.41604200067,
                            "children": {
                                "SubprocessEnvManager._take_step": {
                                    "total": 1315.1214429994004,
                                    "count": 605066,
                                    "self": 19.893449299643407,
                                    "children": {
                                        "TorchPolicy.evaluate": {
                                            "total": 1295.227993699757,
                                            "count": 333346,
                                            "self": 1295.227993699757
                                        }
                                    }
                                },
                                "workers": {
                                    "total": 6.684837400578267,
                                    "count": 605066,
                                    "self": 0.0,
                                    "children": {
                                        "worker_root": {
                                            "total": 26828.931040799256,
                                            "count": 605066,
                                            "is_parallel": true,
                                            "self": 7209.349262097821,