{
    "name": "root",
    "gauges": {
        "Minesweeper_Pick_Move.Policy.Entropy.mean": {
            "value": 5.079917907714844,
            "min": 3.61417293548584,
            "max": 5.167187213897705,
            "count": 47
        },
        "Minesweeper_Pick_Move.Policy.Entropy.sum": {
            "value": 61233.33203125,
            "min": 44063.99609375,
            "max": 62584.99609375,
            "count": 47
        },
        "Minesweeper_Pick_Move.Environment.EpisodeLength.mean": {
            "value": 16.550218340611355,
            "min": 14.73753280839895,
            "max": 31.724324324324325,
            "count": 47
        },
        "Minesweeper_Pick_Move.Environment.EpisodeLength.sum": {
            "value": 11370.0,
            "min": 11134.0,
            "max": 11738.0,
            "count": 47
        },
        "Minesweeper_Pick_Move.Step.mean": {
            "value": 563945.0,
            "min": 11962.0,
            "max": 563945.0,
            "count": 47
        },
        "Minesweeper_Pick_Move.Step.sum": {
            "value": 563945.0,
            "min": 11962.0,
            "max": 563945.0,
            "count": 47
        },
        "Minesweeper_Pick_Move.Policy.ExtrinsicValueEstimate.mean": {
            "value": 13.75219440460205,
            "min": 1.7136421203613281,
            "max": 20.911518096923828,
            "count": 47
        },
        "Minesweeper_Pick_Move.Policy.ExtrinsicValueEstimate.sum": {
            "value": 9447.7578125,
            "min": 901.375732421875,
            "max": 11771.80078125,
            "count": 47
        },
        "Minesweeper_Pick_Move.Environment.CumulativeReward.mean": {
            "value": 121.09381137664661,
            "min": 47.92995639222101,
            "max": 121.09381137664661,
            "count": 47
        },
        "Minesweeper_Pick_Move.Environment.CumulativeReward.sum": {
            "value": 83191.44841575623,
            "min": 17686.153908729553,
            "max": 83191.44841575623,
            "count": 47
        },
        "Minesweeper_Pick_Move.Policy.ExtrinsicReward.mean": {
            "value": 121.09381137664661,
            "min": 47.92995639222101,
            "max": 121.09381137664661,
            "count": 47
        },
        "Minesweeper_Pick_Move.Policy.ExtrinsicReward.sum": {
            "value": 83191.44841575623,
            "min": 17686.153908729553,
            "max": 83191.44841575623,
            "count": 47
        },
        "Minesweeper_Pick_Move.IsTraining.mean": {
            "value": 1.0,
            "min": 1.0,
            "max": 1.0,
            "count": 47
        },
        "Minesweeper_Pick_Move.IsTraining.sum": {
            "value": 1.0,
            "min": 1.0,
            "max": 1.0,
            "count": 47
        },
        "Minesweeper_Pick_Move.Losses.PolicyLoss.mean": {
            "value": 0.09695697725383622,
            "min": 0.09343194983295312,
            "max": 0.10683447751341099,
            "count": 46
        },
        "Minesweeper_Pick_Move.Losses.PolicyLoss.sum": {
            "value": 0.09695697725383622,
            "min": 0.09343194983295312,
            "max": 0.10683447751341099,
            "count": 46
        },
        "Minesweeper_Pick_Move.Losses.ValueLoss.mean": {
            "value": 106.43329015177626,
            "min": 71.74862498863071,
            "max": 206.42288122900368,
            "count": 46
        },
        "Minesweeper_Pick_Move.Losses.ValueLoss.sum": {
            "value": 106.43329015177626,
            "min": 71.74862498863071,
            "max": 206.42288122900368,
            "count": 46
        },
        "Minesweeper_Pick_Move.Policy.LearningRate.mean": {
            "value": 0.00026682667105778,
            "min": 0.00026682667105778,
            "max": 0.00029927352024216,
            "count": 46
        },
        "Minesweeper_Pick_Move.Policy.LearningRate.sum": {
            "value": 0.00026682667105778,
            "min": 0.00026682667105778,
            "max": 0.00029927352024216,
            "count": 46
        },
        "Minesweeper_Pick_Move.Policy.Epsilon.mean": {
            "value": 0.18894222,
            "min": 0.18894222,
            "max": 0.19975784,
            "count": 46
        },
        "Minesweeper_Pick_Move.Policy.Epsilon.sum": {
            "value": 0.18894222,
            "min": 0.18894222,
            "max": 0.19975784,
            "count": 46
        },
        "Minesweeper_Pick_Move.Policy.Beta.mean": {
            "value": 0.004448216778,
            "min": 0.004448216778,
            "max": 0.004987916216,
            "count": 46
        },
        "Minesweeper_Pick_Move.Policy.Beta.sum": {
            "value": 0.004448216778,
            "min": 0.004448216778,
            "max": 0.004987916216,
            "count": 46
        }
    },
    "metadata": {
        "timer_format_version": "0.1.0",
        "start_time_seconds": "1676232371",
        "python_version": "3.9.13 (tags/v3.9.13:6de2ca5, May 17 2022, 16:36:42) [MSC v.1929 64 bit (AMD64)]",
        "command_line_arguments": "C:\\Unity Projects\\Minesweeper 1.0\\venv\\Scripts\\mlagents-learn Config/Minesweeper_Pick_Move.yaml --run-id=TestParamMinesweeper --force",
        "mlagents_version": "0.30.0",
        "mlagents_envs_version": "0.30.0",
        "communication_protocol_version": "1.5.0",
        "pytorch_version": "1.7.1+cu110",
        "numpy_version": "1.21.2",
        "end_time_seconds": "1676235002"
    },
    "total": 2630.6947812,
    "count": 1,
    "self": 0.008849499999996624,
    "children": {
        "run_training.setup": {
            "total": 0.12716689999999997,
            "count": 1,
            "self": 0.12716689999999997
        },
        "TrainerController.start_learning": {
            "total": 2630.5587648,
            "count": 1,
            "self": 2.144807299950571,
            "children": {
                "TrainerController._reset_env": {
                    "total": 8.0942382,
                    "count": 1,
                    "self": 8.0942382
                },
                "TrainerController.advance": {
                    "total": 2620.25176110005,
                    "count": 122018,
                    "self": 1.8185190000826879,
                    "children": {
                        "env_step": {
                            "total": 2099.272590800011,
                            "count": 122018,
                            "self": 1755.0543445999933,
                            "children": {
                                "SubprocessEnvManager._take_step": {
                                    "total": 342.8125865000744,
                                    "count": 122019,
                                    "self": 5.231506800094849,
                                    "children": {
                                        "TorchPolicy.evaluate": {
                                            "total": 337.58107969997957,
                                            "count": 94235,
                                            "self": 337.58107969997957
                                        }
                                    }
                                },
                                "workers": {
                                    "total": 1.4056596999432696,
                                    "count": 122017,
                                    "self": 0.0,
                                    "children": {
                                        "worker_root": {
                                            "total": 2526.5101161000007,
                                            "count": 122017,
                                            "is_parallel": true,
                                            "self": 991.1884992999564,